{
  "camera": "cam_east",
  "position_world": [
    4.46,
    -13.774999999999999,
    8.0
  ],
  "image_resolution": [
    1920,
    1080
  ],
  "focal_length_mm": 12.486598266405835,
  "horiz_aperture_mm": 20.955,
  "K": [
    [
      1144.0834488904416,
      0.0,
      960.0
    ],
    [
      0.0,
      1144.0834488904416,
      540.0
    ],
    [
      0.0,
      0.0,
      1.0
    ]
  ],
  "R": [
    [
      0.0,
      1.0,
      -0.0
    ],
    [
      -0.5962319466479116,
      0.0,
      0.8028122232480284
    ],
    [
      0.8028122232480283,
      -0.0,
      0.5962319466479115
    ]
  ],
  "t": [
    13.774999999999999,
    -3.763303303934541,
    -8.350398088869497
  ],
  "H": [
    [
      770.6997343181072,
      1144.0834488904416,
      7743.367343151114
    ],
    [
      -248.6205013056692,
      0.0,
      -8814.747991175751
    ],
    [
      0.8028122232480283,
      0.0,
      -8.350398088869497
    ]
  ],
  "H_inv": [
    [
      0.0,
      -0.0009123458276762831,
      0.9630796599370107
    ],
    [
      0.0008740621158096666,
      0.0012082530328061522,
      -0.46491938575822955
    ],
    [
      -1.1336236929062058e-22,
      -8.771346880625428e-05,
      -0.027163720175611656
    ]
  ]
}