{
  "camera": "cam_east",
  "position_world": [
    4.093410804087486,
    6.254343853434674,
    8.389739754250035
  ],
  "image_resolution": [
    1920,
    1080
  ],
  "focal_length_mm": 14.963420867919922,
  "horiz_aperture_mm": 20.954999923706055,
  "K": [
    [
      1371.0221031260767,
      0.0,
      960.0
    ],
    [
      0.0,
      1371.0221031260767,
      540.0
    ],
    [
      0.0,
      0.0,
      1.0
    ]
  ],
  "R": [
    [
      -0.7019949617235526,
      0.7121819105500703,
      8.673617379884035e-17
    ],
    [
      -0.3767574460660575,
      -0.3713683611058416,
      0.8486102563623379
    ],
    [
      0.6043648736885103,
      0.5957201244332914,
      0.5290185561931224
    ]
  ],
  "t": [
    -1.580676794042024,
    -3.2547307767777838,
    -10.638080213813607
  ],
  "H": [
    [
      -382.2603300651648,
      1548.3084602666645,
      -12379.699827791143
    ],
    [
      -190.18575428209994,
      -187.4653642838379,
      -10206.871150146395
    ],
    [
      0.6043648736885103,
      0.5957201244332914,
      -10.638080213813607
    ]
  ],
  "H_inv": [
    [
      -0.00051202308126392,
      -0.0005767960497172403,
      1.1492651648226768
    ],
    [
      0.0005194532669650021,
      -0.0007322904231009907,
      0.09811154386019226
    ],
    [
      -1.8651362483965928e-20,
      -7.377603833850665e-05,
      -0.02321635837920268
    ]
  ]
}