{
  "camera": "cam_north",
  "position_world": [
    -10.434999999999999,
    3.8500000000000014,
    12.0
  ],
  "image_resolution": [
    1920,
    1080
  ],
  "focal_length_mm": 12.486598266405835,
  "horiz_aperture_mm": 20.955,
  "K": [
    [
      1144.0834488904416,
      0.0,
      960.0
    ],
    [
      0.0,
      1144.0834488904416,
      540.0
    ],
    [
      0.0,
      0.0,
      1.0
    ]
  ],
  "R": [
    [
      -1.0,
      -0.0,
      0.0
    ],
    [
      0.0,
      -0.5464489511062387,
      0.8374924141954311
    ],
    [
      -0.0,
      0.8374924141954311,
      0.5464489511062387
    ]
  ],
  "t": [
    -10.434999999999999,
    -7.946080508586153,
    -9.781733207927275
  ],
  "H": [
    [
      -1144.0834488904416,
      803.9927176276138,
      -21328.97466878194
    ],
    [
      0.0,
      -172.93729695865702,
      -14373.115125705088
    ],
    [
      0.0,
      0.8374924141954311,
      -9.781733207927275
    ]
  ],
  "H_inv": [
    [
      -0.0008740621158096666,
      0.0006365527321313285,
      0.9705440562258294
    ],
    [
      -0.0,
      -0.000712486868667216,
      1.0469162847958096
    ],
    [
      -0.0,
      -6.100169929385036e-05,
      -0.012596494973507366
    ]
  ]
}