{
  "camera": "cam_west",
  "position_world": [
    -25.4845,
    6.1854,
    6.6975
  ],
  "image_resolution": [
    1920,
    1080
  ],
  "focal_length_mm": 14.963420740640505,
  "horiz_aperture_mm": 20.955,
  "K": [
    [
      1371.0220864724301,
      0.0,
      960.0
    ],
    [
      0.0,
      1371.0220864724301,
      540.0
    ],
    [
      0.0,
      0.0,
      1.0
    ]
  ],
  "R": [
    [
      -0.7284274629453895,
      -0.6851229314706546,
      0.0
    ],
    [
      0.2721719598433169,
      -0.2893751195394539,
      0.9177060882802155
    ],
    [
      -0.6287414854310085,
      0.6684823176154949,
      0.3972600351576097
    ]
  ],
  "t": [
    -14.325850299113192,
    2.579730648769605,
    -22.81864199831351
  ],
  "H": [
    [
      -1602.281966104975,
      -297.5756460841296,
      -41546.953485962826
    ],
    [
      33.63336613093022,
      -35.75922865182367,
      -8785.198982476317
    ],
    [
      -0.6287414854310085,
      0.6684823176154949,
      -22.81864199831351
    ]
  ],
  "H_inv": [
    [
      -0.0005313025006180578,
      0.002745480096024234,
      -0.08964550414516723
    ],
    [
      -0.0004997169179334236,
      -0.0008292442242721148,
      1.2291174497983397
    ],
    [
      -2.8589710091998102e-21,
      -9.99416325859699e-05,
      -0.005346193305794946
    ]
  ]
}