{
  "camera": "cam_west",
  "position_world": [
    -25.33,
    -13.774999999999999,
    8.0
  ],
  "image_resolution": [
    1920,
    1080
  ],
  "focal_length_mm": 12.486598266405835,
  "horiz_aperture_mm": 20.955,
  "K": [
    [
      1144.0834488904416,
      0.0,
      960.0
    ],
    [
      0.0,
      1144.0834488904416,
      540.0
    ],
    [
      0.0,
      0.0,
      1.0
    ]
  ],
  "R": [
    [
      0.0,
      -1.0,
      0.0
    ],
    [
      0.44973031238190914,
      0.0,
      0.8931644003904715
    ],
    [
      -0.8931644003904715,
      -0.0,
      0.44973031238190914
    ]
  ],
  "t": [
    -13.774999999999999,
    4.246353609509985,
    -26.221696760945914
  ],
  "H": [
    [
      -857.4378243748527,
      -1144.0834488904416,
      -40932.57839897391
    ],
    [
      32.22023064961569,
      0.0,
      -9301.533368134234
    ],
    [
      -0.8931644003904715,
      0.0,
      -26.221696760945914
    ]
  ],
  "H_inv": [
    [
      -0.0,
      0.0028649239688739825,
      -1.016264742003203
    ],
    [
      -0.0008740621158096666,
      0.0013442353819678552,
      0.8875919065472384
    ],
    [
      -2.30877343426833e-22,
      -9.758514569639597e-05,
      -0.0035203103716848197
    ]
  ]
}