{
  "camera": "cam_north",
  "position_world": [
    -10.2238,
    7.4602,
    8.3547
  ],
  "image_resolution": [
    1920,
    1080
  ],
  "focal_length_mm": 12.486598266405835,
  "horiz_aperture_mm": 20.955,
  "K": [
    [
      1144.0834488904416,
      0.0,
      960.0
    ],
    [
      0.0,
      1144.0834488904416,
      540.0
    ],
    [
      0.0,
      0.0,
      1.0
    ]
  ],
  "R": [
    [
      -0.9999963481878202,
      -0.0027025193845020908,
      0.0
    ],
    [
      0.0013831640984243883,
      -0.5118035620024678,
      0.85910139144263
    ],
    [
      -0.0023217381636264265,
      0.8590982541657052,
      0.5118054310197745
    ]
  ],
  "t": [
    -10.203601329490375,
    -3.345236268725458,
    -10.708762616905188
  ],
  "H": [
    [
      -1146.3081395496497,
      821.6424163009625,
      -21954.183512375424
    ],
    [
      0.32871654374854214,
      -121.63292712071546,
      -9609.961260805616
    ],
    [
      -0.0023217381636264265,
      0.8590982541657052,
      -10.708762616905188
    ]
  ],
  "H_inv": [
    [
      -0.0008740589238989865,
      0.0009201088725790264,
      0.9662217536100388
    ],
    [
      -2.362169811234536e-06,
      -0.0011178597578006182,
      1.0080014716135617
    ],
    [
      -3.2612656667610716e-23,
      -8.987850909061653e-05,
      -0.012725187244797835
    ]
  ]
}