{
  "camera": "cam_south",
  "position_world": [
    -10.435,
    -23.3793,
    7.738
  ],
  "image_resolution": [
    1920,
    1080
  ],
  "focal_length_mm": 12.486598266405835,
  "horiz_aperture_mm": 20.955,
  "K": [
    [
      1144.0834488904416,
      0.0,
      960.0
    ],
    [
      0.0,
      1144.0834488904416,
      540.0
    ],
    [
      0.0,
      0.0,
      1.0
    ]
  ],
  "R": [
    [
      0.9994744971163521,
      0.032414959725640825,
      -0.0
    ],
    [
      -0.013855531102859708,
      0.4272178678771105,
      0.9040425419328415
    ],
    [
      0.02930450258701902,
      -0.9035674649701155,
      0.4274424901382718
    ]
  ],
  "t": [
    11.187355445322808,
    2.8479910419246615,
    -24.126532337970225
  ],
  "H": [
    [
      1171.614552222454,
      -830.339347452755,
      -10362.202842603238
    ],
    [
      -0.027452413378247303,
      0.8464606246031927,
      -9769.988048849673
    ],
    [
      0.02930450258701902,
      -0.9035674649701155,
      -24.126532337970225
    ]
  ],
  "H_inv": [
    [
      0.0008736027936473215,
      0.001053491076327217,
      -0.8018162040833341
    ],
    [
      2.8332688281678765e-05,
      0.002760863075263935,
      -1.130174362851848
    ],
    [
      -5.898345915915642e-23,
      -0.00010211803269368942,
      -9.566401745110248e-05
    ]
  ]
}