{
  "camera": "cam_east",
  "position_world": [
    4.0934,
    6.2543,
    8.3897
  ],
  "image_resolution": [
    1920,
    1080
  ],
  "focal_length_mm": 14.963420740640505,
  "horiz_aperture_mm": 20.955,
  "K": [
    [
      1371.0220864724301,
      0.0,
      960.0
    ],
    [
      0.0,
      1371.0220864724301,
      540.0
    ],
    [
      0.0,
      0.0,
      1.0
    ]
  ],
  "R": [
    [
      -0.701991124624767,
      0.71218569274316,
      0.0
    ],
    [
      -0.3767585240298784,
      -0.3713654215335145,
      0.8486110641866877
    ],
    [
      0.6043686586173065,
      0.5957174353174333,
      0.529017260342172
    ]
  ],
  "t": [
    -1.5806925085845243,
    -3.25473814704609,
    -10.638014331982626
  ],
  "H": [
    [
      -382.2514240955615,
      1548.3110523252763,
      -12379.658099894215
    ],
    [
      -190.18518205837162,
      -187.46278000317858,
      -10206.845624555159
    ],
    [
      0.6043686586173065,
      0.5957174353174333,
      -10.638014331982626
    ]
  ],
  "H_inv": [
    [
      -0.0005120202887693475,
      -0.0005767977643609732,
      1.1492672853276795
    ],
    [
      0.0005194560319415259,
      -0.0007322876782404483,
      0.09810658066728205
    ],
    [
      -8.590111277758806e-21,
      -7.377645904994647e-05,
      -0.02321627552318326
    ]
  ]
}