{
  "camera": "cam_south",
  "position_world": [
    -9.834109687735532,
    -22.533001956885183,
    6.905970422958198
  ],
  "image_resolution": [
    1920,
    1080
  ],
  "focal_length_mm": 14.963420867919922,
  "horiz_aperture_mm": 20.954999923706055,
  "K": [
    [
      1371.0221031260767,
      0.0,
      960.0
    ],
    [
      0.0,
      1371.0221031260767,
      540.0
    ],
    [
      0.0,
      0.0,
      1.0
    ]
  ],
  "R": [
    [
      0.9986825397166178,
      0.05131456776754737,
      -3.43908929112402e-16
    ],
    [
      -0.018939904953659076,
      0.3686078477128646,
      0.92939202417755
    ],
    [
      0.047691350007276104,
      -0.9281675870979995,
      0.36909411454961594
    ]
  ],
  "t": [
    10.97742489472238,
    1.701230420744234,
    -22.994353127636476
  ],
  "H": [
    [
      1414.999531964554,
      -820.6874769924111,
      -7024.286836460188
    ],
    [
      -0.21369931864456865,
      4.15900956714844,
      -10084.526179572877
    ],
    [
      0.047691350007276104,
      -0.9281675870979995,
      -22.994353127636476
    ]
  ],
  "H_inv": [
    [
      0.000728421910514434,
      0.0009514911429523925,
      -0.6398084649952183
    ],
    [
      3.74279653482936e-05,
      0.002480671373254441,
      -1.0993699205406493
    ],
    [
      -2.5397852463842625e-20,
      -9.815891985482998e-05,
      -0.0004398385511969726
    ]
  ]
}