{
  "camera": "cam_south",
  "position_world": [
    -10.434999999999999,
    -22.4,
    7.0
  ],
  "image_resolution": [
    1920,
    1080
  ],
  "focal_length_mm": 12.486598266405835,
  "horiz_aperture_mm": 20.955,
  "K": [
    [
      1144.0834488904416,
      0.0,
      960.0
    ],
    [
      0.0,
      1144.0834488904416,
      540.0
    ],
    [
      0.0,
      0.0,
      1.0
    ]
  ],
  "R": [
    [
      1.0,
      -0.0,
      0.0
    ],
    [
      0.0,
      0.6018502393865924,
      0.7986089714937477
    ],
    [
      -0.0,
      -0.7986089714937477,
      0.6018502393865924
    ]
  ],
  "t": [
    10.434999999999999,
    7.891182561803436,
    -22.101792637166092
  ],
  "H": [
    [
      1144.0834488904416,
      -766.6646126339978,
      -9279.210142507693
    ],
    [
      0.0,
      257.31805298632685,
      -2906.796662937505
    ],
    [
      0.0,
      -0.7986089714937477,
      -22.101792637166092
    ]
  ],
  "H_inv": [
    [
      0.0008740621158096666,
      0.0010405690281245603,
      -0.5038201566503868
    ],
    [
      0.0,
      0.002759762805089701,
      -0.3629601202050906
    ],
    [
      -0.0,
      -9.971912104691526e-05,
      -0.03213028026132182
    ]
  ]
}