{
  "camera": "cam_west",
  "position_world": [
    -25.484484331435006,
    6.185354836429177,
    6.697460753825154
  ],
  "image_resolution": [
    1920,
    1080
  ],
  "focal_length_mm": 14.963420867919922,
  "horiz_aperture_mm": 20.954999923706055,
  "K": [
    [
      1371.0221031260767,
      0.0,
      960.0
    ],
    [
      0.0,
      1371.0221031260767,
      540.0
    ],
    [
      0.0,
      0.0,
      1.0
    ]
  ],
  "R": [
    [
      -0.7284249013590798,
      -0.6851256549568228,
      -2.489328188026718e-16
    ],
    [
      0.2721724400823996,
      -0.28937346220406285,
      0.9177064684481776
    ],
    [
      -0.6287442452536709,
      0.6684802437559532,
      0.3972591569345802
    ]
  ],
  "t": [
    -14.325787701863666,
    2.5797487727433492,
    -22.81863798808736
  ],
  "H": [
    [
      -1602.2811156742546,
      -297.5813823588188,
      -41546.864052510675
    ],
    [
      33.63253877774531,
      -35.75808111167379,
      -8785.171925623672
    ],
    [
      -0.6287442452536709,
      0.6684802437559532,
      -22.81863798808736
    ]
  ],
  "H_inv": [
    [
      -0.0005313006257872818,
      0.0027454948269506237,
      -0.08965343181927038
    ],
    [
      -0.0004997188983275054,
      -0.0008292423701472915,
      1.2291176159453916
    ],
    [
      1.1675477735887636e-20,
      -9.994225841780431e-05,
      -0.005346071804468162
    ]
  ]
}