{
  "camera": "cam_east",
  "position_world": [
    4.46,
    -13.775,
    8.0
  ],
  "image_resolution": [
    1920,
    1080
  ],
  "focal_length_mm": 12.486598266405835,
  "horiz_aperture_mm": 20.955,
  "K": [
    [
      1144.0834488904416,
      0.0,
      960.0
    ],
    [
      0.0,
      1144.0834488904416,
      540.0
    ],
    [
      0.0,
      0.0,
      1.0
    ]
  ],
  "R": [
    [
      0.0,
      1.0,
      -0.0
    ],
    [
      -0.5962323357456296,
      0.0,
      0.8028119342730966
    ],
    [
      0.8028119342730966,
      -0.0,
      0.5962323357456296
    ]
  ],
  "t": [
    13.775,
    -3.763299256759265,
    -8.350399912823047
  ],
  "H": [
    [
      770.6994569021728,
      1144.0834488904416,
      7743.365592155708
    ],
    [
      -248.62110251239142,
      0.0,
      -8814.74434580442
    ],
    [
      0.8028119342730966,
      0.0,
      -8.350399912823047
    ]
  ],
  "H_inv": [
    [
      0.0,
      -0.0009123460269573715,
      0.9630792616518885
    ],
    [
      0.0008740621158096666,
      0.0012082525978914524,
      -0.46491848092665805
    ],
    [
      -1.9529021609737004e-21,
      -8.771343723349925e-05,
      -0.027163785862114112
    ]
  ]
}