{
  "camera": "cam_north",
  "position_world": [
    -10.54308250032672,
    9.861925299670428,
    8.209828966605746
  ],
  "image_resolution": [
    1920,
    1080
  ],
  "focal_length_mm": 14.963420867919922,
  "horiz_aperture_mm": 20.954999923706055,
  "K": [
    [
      1371.0221031260767,
      0.0,
      960.0
    ],
    [
      0.0,
      1371.0221031260767,
      540.0
    ],
    [
      0.0,
      0.0,
      1.0
    ]
  ],
  "R": [
    [
      -0.9999853962008574,
      0.005404385720458966,
      -2.3201926491189795e-17
    ],
    [
      -0.0023745366691385324,
      -0.43936575120700405,
      0.8983051253565865
    ],
    [
      0.00485478739209241,
      0.8982920066889684,
      0.4393721677098913
    ]
  ],
  "t": [
    -10.596226179533314,
    -3.066974157368632,
    -12.414874592846301
  ],
  "H": [
    [
      -1366.3414850982538,
      869.7698586979778,
      -26445.939910995807
    ],
    [
      -0.6339570663423983,
      -117.30247264935228,
      -10908.921639605871
    ],
    [
      0.00485478739209241,
      0.8982920066889684,
      -12.414874592846301
    ]
  ],
  "H_inv": [
    [
      -0.0007293721916815074,
      0.0008396882198521016,
      0.8158632683837327
    ],
    [
      3.9418662238461345e-06,
      -0.0011075243528982277,
      0.9647822000014977
    ],
    [
      1.5726114716000006e-21,
      -7.980779493413047e-05,
      -0.010421613030903222
    ]
  ]
}