{
  "camera": "cam_west",
  "position_world": [
    -25.33,
    -13.775,
    8.0
  ],
  "image_resolution": [
    1920,
    1080
  ],
  "focal_length_mm": 12.486598266405835,
  "horiz_aperture_mm": 20.955,
  "K": [
    [
      1144.0834488904416,
      0.0,
      960.0
    ],
    [
      0.0,
      1144.0834488904416,
      540.0
    ],
    [
      0.0,
      0.0,
      1.0
    ]
  ],
  "R": [
    [
      -0.06750123735723998,
      -0.9977191904314768,
      0.0
    ],
    [
      0.5641480724563362,
      -0.0381677463044848,
      0.8247909889698342
    ],
    [
      -0.8229097977901599,
      0.05567441231656547,
      0.5654377282373038
    ]
  ],
  "t": [
    -15.453388190452483,
    7.165782058216045,
    -24.60089197426249
  ],
  "H": [
    [
      -867.2204543185969,
      -1088.0265765891204,
      -41296.82195326768
    ],
    [
      201.06118161405357,
      -13.602904177465023,
      -5086.2290149406845
    ],
    [
      -0.8229097977901599,
      0.05567441231656547,
      -24.60089197426249
    ]
  ],
  "H_inv": [
    [
      -5.9000274344239645e-05,
      0.002775708838688195,
      -0.47483510027995207
    ],
    [
      -0.0008720685465724442,
      0.0012079706591055595,
      1.2141691494177176
    ],
    [
      -4.580636375711381e-21,
      -9.011481961496507e-05,
      -0.022017713437581847
    ]
  ]
}