{
  "camera": "cam_south",
  "position_world": [
    -9.8341,
    -22.533,
    6.906
  ],
  "image_resolution": [
    1920,
    1080
  ],
  "focal_length_mm": 14.963420740640505,
  "horiz_aperture_mm": 20.955,
  "K": [
    [
      1371.0220864724301,
      0.0,
      960.0
    ],
    [
      0.0,
      1371.0220864724301,
      540.0
    ],
    [
      0.0,
      0.0,
      1.0
    ]
  ],
  "R": [
    [
      0.9986826434160261,
      0.05131254953301858,
      -0.0
    ],
    [
      -0.018939201309444147,
      0.3686086892979856,
      0.929391704733683
    ],
    [
      0.04768945788472369,
      -0.9281673644523614,
      0.36909491891953555
    ]
  ],
  "t": [
    10.977370662245049,
    1.7012304834634904,
    -22.99438183547921
  ],
  "H": [
    [
      1414.9978410693768,
      -820.6900311512878,
      -7024.388932727594
    ],
    [
      -0.21375603764470524,
      4.160277488916853,
      -10084.541624150157
    ],
    [
      0.04768945788472369,
      -0.9281673644523614,
      -22.99438183547921
    ]
  ],
  "H_inv": [
    [
      0.0007284219949990634,
      0.0009514862508021113,
      -0.6398094198099964
    ],
    [
      3.742649373726951e-05,
      0.0024806615921440594,
      -1.0993656411672703
    ],
    [
      -1.1809023174795848e-22,
      -9.81584669134475e-05,
      -0.0004399707163670317
    ]
  ]
}