{
  "camera": "cam_north",
  "position_world": [
    -10.5431,
    9.8619,
    8.2098
  ],
  "image_resolution": [
    1920,
    1080
  ],
  "focal_length_mm": 14.963420740640505,
  "horiz_aperture_mm": 20.955,
  "K": [
    [
      1371.0220864724301,
      0.0,
      960.0
    ],
    [
      0.0,
      1371.0220864724301,
      540.0
    ],
    [
      0.0,
      0.0,
      1.0
    ]
  ],
  "R": [
    [
      -0.999985400514493,
      0.005403587499875752,
      0.0
    ],
    [
      -0.0023741807187320925,
      -0.4393647844084487,
      0.8983055991630199
    ],
    [
      0.004854072906705692,
      0.8982924843634441,
      0.4393711990019007
    ]
  ],
  "t": [
    -10.596235715729376,
    -3.0669689653865437,
    -12.414843345046965
  ],
  "H": [
    [
      -1366.3421602649116,
      869.7692227974223,
      -26445.92281097806
    ],
    [
      -0.6338548330376136,
      -117.30088188592106,
      -10908.897596395811
    ],
    [
      0.004854072906705692,
      0.8982924843634441,
      -12.414843345046965
    ]
  ],
  "H_inv": [
    [
      -0.0007293722036873997,
      0.0008396932988757314,
      0.8158615060910767
    ],
    [
      3.941284063321625e-06,
      -0.0011075248341727885,
      0.9647841518773624
    ],
    [
      4.134233040373898e-24,
      -7.980811958344706e-05,
      -0.010421508552895507
    ]
  ]
}